{
    "step": 0,
    "rf_rmse": 61412.676275166865,
    "rf_mae": 29148.245841366424,
    "rf_r2": 0.8592854098291643,
    "gb_rmse": 82281.85618834436,
    "gb_mae": 54790.73198430473,
    "gb_r2": 0.7474012230719105
}
