{
    "step": 0,
    "rf_rmse": 49205.82507208669,
    "rf_mae": 21751.24306324072,
    "rf_r2": 0.8961720788556808,
    "gb_rmse": 69314.10573211429,
    "gb_mae": 43725.94011223871,
    "gb_r2": 0.7939728898781109
}
