step	gb_mae
0	43725.94011223871
0	54790.73198430473
