step	gb_rmse
0	69314.10573211429
0	82281.85618834436
