step	gb_r2
0	0.7939728898781109
0	0.7474012230719105
