step	rf_mae
0	21751.243063240727
0	29148.245841366424
0	29148.245841366428
0	29148.245841366428
0	29148.245841366424
0	29148.245841366417
0	29148.24584136642
0	29148.245841366424
