step	rf_mae
0	21751.243063240727
0	29148.245841366424
