step	rf_r2
0	0.8961720788556808
0	0.8592854098291643
