step	rf_rmse
0	49205.82507208669
0	61412.676275166865
